{"cameraMode":{"drawMode":0,"name":"Shaded","section":"Shading Mode"},"sceneLighting":false,"audioPlay":false,"sceneViewState":{"showFog":true,"showMaterialUpdate":true,"showSkybox":true,"showFlares":true,"showImageEffects":true,"showParticleSystems":true},"in2DMode":false,"pivot":{"x":-10.371675491333008,"y":11.219158172607422,"z":-5.957507133483887},"rotation":{"x":0.0747898742556572,"y":0.7337894439697266,"z":-0.08186991512775421,"w":0.6702662110328674},"size":7.584371089935303,"orthographic":false}