{"cameraMode":{"drawMode":0,"name":"Shaded","section":"Shading Mode"},"sceneLighting":false,"audioPlay":false,"sceneViewState":{"showFog":true,"showMaterialUpdate":true,"showSkybox":true,"showFlares":true,"showImageEffects":true,"showParticleSystems":true},"in2DMode":false,"pivot":{"x":-3.855297565460205,"y":15.970898628234864,"z":1.751970648765564},"rotation":{"x":-0.019875967875123025,"y":0.7162970900535584,"z":0.020420001819729806,"w":0.6972134113311768},"size":22.85062026977539,"orthographic":false}