{"cameraMode":{"drawMode":0,"name":"Shaded","section":"Shading Mode"},"sceneLighting":false,"audioPlay":false,"sceneViewState":{"showFog":true,"showMaterialUpdate":true,"showSkybox":true,"showFlares":true,"showImageEffects":true,"showParticleSystems":true},"in2DMode":false,"pivot":{"x":20.532440185546876,"y":15.297532081604004,"z":0.6481456756591797},"rotation":{"x":-0.041260410100221637,"y":0.6868018507957459,"z":0.03911488875746727,"w":0.7246177792549133},"size":46.12815475463867,"orthographic":false}