{"cameraMode":{"drawMode":0,"name":"Shaded","section":"Shading Mode"},"sceneLighting":false,"audioPlay":false,"sceneViewState":{"showFog":true,"showMaterialUpdate":true,"showSkybox":true,"showFlares":true,"showImageEffects":true,"showParticleSystems":true},"in2DMode":false,"pivot":{"x":1.1427315473556519,"y":11.749732971191407,"z":0.7034800052642822},"rotation":{"x":0.08152151852846146,"y":0.9113883376121521,"z":-0.33842867612838747,"w":0.21952588856220246},"size":5.715769290924072,"orthographic":false}