{"cameraMode":{"drawMode":0,"name":"Shaded","section":"Shading Mode"},"sceneLighting":false,"audioPlay":false,"sceneViewState":{"showFog":true,"showMaterialUpdate":true,"showSkybox":true,"showFlares":true,"showImageEffects":true,"showParticleSystems":true},"in2DMode":false,"pivot":{"x":14.308796882629395,"y":10.027019500732422,"z":-0.6591522097587586},"rotation":{"x":0.17112725973129273,"y":-0.807854175567627,"z":0.2835797965526581,"w":0.48751381039619448},"size":6.615767955780029,"orthographic":false}