{"cameraMode":{"drawMode":0,"name":"Shaded","section":"Shading Mode"},"sceneLighting":false,"audioPlay":false,"sceneViewState":{"showFog":true,"showMaterialUpdate":true,"showSkybox":true,"showFlares":true,"showImageEffects":true,"showParticleSystems":true},"in2DMode":false,"pivot":{"x":88.93313598632813,"y":-35.226287841796878,"z":6.706155776977539},"rotation":{"x":-0.1806960552930832,"y":-0.6460133194923401,"z":0.16124959290027619,"w":-0.7238883376121521},"size":120.58903503417969,"orthographic":false}