{"cameraMode":{"drawMode":0,"name":"Shaded","section":"Shading Mode"},"sceneLighting":false,"audioPlay":false,"sceneViewState":{"showFog":true,"showMaterialUpdate":false,"showSkybox":true,"showFlares":true,"showImageEffects":true,"showParticleSystems":true},"in2DMode":false,"pivot":{"x":-2.870795488357544,"y":2.506009340286255,"z":0.4000990092754364},"rotation":{"x":0.17274457216262818,"y":0.6912254691123962,"z":-0.17577104270458222,"w":0.6793166995048523},"size":6.447225093841553,"orthographic":false}