{"cameraMode":{"drawMode":0,"name":"Shaded","section":"Shading Mode"},"sceneLighting":false,"audioPlay":false,"sceneViewState":{"showFog":true,"showMaterialUpdate":true,"showSkybox":true,"showFlares":true,"showImageEffects":true,"showParticleSystems":true},"in2DMode":false,"pivot":{"x":318.9243469238281,"y":-28.442546844482423,"z":-11.609821319580079},"rotation":{"x":0.03815305605530739,"y":0.7069270014762878,"z":-0.03824617341160774,"w":0.7052204012870789},"size":354.0955505371094,"orthographic":false}