{"cameraMode":{"drawMode":0,"name":"Shaded","section":"Shading Mode"},"sceneLighting":false,"audioPlay":false,"sceneViewState":{"showFog":true,"showMaterialUpdate":false,"showSkybox":true,"showFlares":true,"showImageEffects":true,"showParticleSystems":true},"in2DMode":false,"pivot":{"x":1.4435092210769654,"y":12.934532165527344,"z":-4.933382987976074},"rotation":{"x":-0.01466242503374815,"y":-0.9492701292037964,"z":0.3109140694141388,"w":-0.04476253688335419},"size":34.16532897949219,"orthographic":false}